Tag,Acceptance rate
Simulation,[0.52390909]
Array,[0.57327273]
Math,[0.57709091]
String,[0.57709091]
Greedy,[0.62454545]
Sorting,[0.62454545]
