Tag,Acceptance rate
Simulation,[0.52240909]
Array,[0.57177273]
Math,[0.57559091]
String,[0.57559091]
Greedy,[0.62304545]
Sorting,[0.62304545]
