Tag,Acceptance rate
Simulation,[0.54613751]
Array,[0.59525071]
Math,[0.59937266]
String,[0.59937266]
Greedy,[0.64642489]
Sorting,[0.64642489]
